date,sales,family
2013-01-02,17.0,"LIQUOR,WINE,BEER"
2013-01-03,20.0,"LIQUOR,WINE,BEER"
2013-01-04,33.0,"LIQUOR,WINE,BEER"
2013-01-05,51.0,"LIQUOR,WINE,BEER"
2013-01-07,7.0,"LIQUOR,WINE,BEER"
2013-01-08,17.0,"LIQUOR,WINE,BEER"
2013-01-09,9.0,"LIQUOR,WINE,BEER"
2013-01-10,9.0,"LIQUOR,WINE,BEER"
2013-01-11,29.0,"LIQUOR,WINE,BEER"
2013-01-12,48.0,"LIQUOR,WINE,BEER"
2013-01-14,35.0,"LIQUOR,WINE,BEER"
2013-01-15,17.0,"LIQUOR,WINE,BEER"
2013-01-16,7.0,"LIQUOR,WINE,BEER"
2013-01-17,17.0,"LIQUOR,WINE,BEER"
2013-01-18,41.0,"LIQUOR,WINE,BEER"
2013-01-19,20.0,"LIQUOR,WINE,BEER"
2013-01-21,19.0,"LIQUOR,WINE,BEER"
2013-01-22,5.0,"LIQUOR,WINE,BEER"
2013-01-23,14.0,"LIQUOR,WINE,BEER"
2013-01-24,13.0,"LIQUOR,WINE,BEER"
2013-01-25,31.0,"LIQUOR,WINE,BEER"
2013-01-26,25.0,"LIQUOR,WINE,BEER"
2013-01-28,8.0,"LIQUOR,WINE,BEER"
2013-01-29,26.0,"LIQUOR,WINE,BEER"
2013-01-30,9.0,"LIQUOR,WINE,BEER"
2013-01-31,14.0,"LIQUOR,WINE,BEER"
2013-02-01,36.0,"LIQUOR,WINE,BEER"
2013-02-02,25.0,"LIQUOR,WINE,BEER"
2013-02-04,14.0,"LIQUOR,WINE,BEER"
2013-02-05,9.0,"LIQUOR,WINE,BEER"
2013-02-06,11.0,"LIQUOR,WINE,BEER"
2013-02-07,9.0,"LIQUOR,WINE,BEER"
2013-02-08,20.0,"LIQUOR,WINE,BEER"
2013-02-09,37.0,"LIQUOR,WINE,BEER"
2013-02-10,17.0,"LIQUOR,WINE,BEER"
2013-02-11,23.0,"LIQUOR,WINE,BEER"
2013-02-12,6.0,"LIQUOR,WINE,BEER"
2013-02-13,16.0,"LIQUOR,WINE,BEER"
2013-02-14,26.0,"LIQUOR,WINE,BEER"
2013-02-18,7.0,"LIQUOR,WINE,BEER"
2013-02-19,9.0,"LIQUOR,WINE,BEER"
2013-02-20,18.0,"LIQUOR,WINE,BEER"
2013-02-21,24.0,"LIQUOR,WINE,BEER"
2013-02-22,12.0,"LIQUOR,WINE,BEER"
2013-02-23,21.0,"LIQUOR,WINE,BEER"
2013-02-25,17.0,"LIQUOR,WINE,BEER"
2013-02-26,3.0,"LIQUOR,WINE,BEER"
2013-02-27,9.0,"LIQUOR,WINE,BEER"
2013-02-28,9.0,"LIQUOR,WINE,BEER"
2013-03-01,25.0,"LIQUOR,WINE,BEER"
2013-03-02,64.0,"LIQUOR,WINE,BEER"
2013-03-04,9.0,"LIQUOR,WINE,BEER"
2013-03-05,18.0,"LIQUOR,WINE,BEER"
2013-03-06,30.0,"LIQUOR,WINE,BEER"
2013-03-07,17.0,"LIQUOR,WINE,BEER"
2013-03-08,23.0,"LIQUOR,WINE,BEER"
2013-03-09,61.0,"LIQUOR,WINE,BEER"
2013-03-11,11.0,"LIQUOR,WINE,BEER"
2013-03-12,53.0,"LIQUOR,WINE,BEER"
2013-03-13,9.0,"LIQUOR,WINE,BEER"
2013-03-14,20.0,"LIQUOR,WINE,BEER"
2013-03-15,25.0,"LIQUOR,WINE,BEER"
2013-03-16,47.0,"LIQUOR,WINE,BEER"
2013-03-18,9.0,"LIQUOR,WINE,BEER"
2013-03-19,10.0,"LIQUOR,WINE,BEER"
2013-03-20,10.0,"LIQUOR,WINE,BEER"
2013-03-21,12.0,"LIQUOR,WINE,BEER"
2013-03-22,22.0,"LIQUOR,WINE,BEER"
2013-03-23,47.0,"LIQUOR,WINE,BEER"
2013-03-25,45.0,"LIQUOR,WINE,BEER"
2013-03-26,32.0,"LIQUOR,WINE,BEER"
2013-03-27,15.0,"LIQUOR,WINE,BEER"
2013-03-28,20.0,"LIQUOR,WINE,BEER"
2013-03-29,22.0,"LIQUOR,WINE,BEER"
2013-03-30,65.0,"LIQUOR,WINE,BEER"
2013-04-01,17.0,"LIQUOR,WINE,BEER"
2013-04-02,10.0,"LIQUOR,WINE,BEER"
2013-04-03,7.0,"LIQUOR,WINE,BEER"
2013-04-04,21.0,"LIQUOR,WINE,BEER"
2013-04-05,27.0,"LIQUOR,WINE,BEER"
2013-04-06,34.0,"LIQUOR,WINE,BEER"
2013-04-08,11.0,"LIQUOR,WINE,BEER"
2013-04-09,14.0,"LIQUOR,WINE,BEER"
2013-04-10,16.0,"LIQUOR,WINE,BEER"
2013-04-11,20.0,"LIQUOR,WINE,BEER"
2013-04-12,38.0,"LIQUOR,WINE,BEER"
2013-04-13,53.0,"LIQUOR,WINE,BEER"
2013-04-15,10.0,"LIQUOR,WINE,BEER"
2013-04-16,5.0,"LIQUOR,WINE,BEER"
2013-04-17,15.0,"LIQUOR,WINE,BEER"
2013-04-18,15.0,"LIQUOR,WINE,BEER"
2013-04-19,25.0,"LIQUOR,WINE,BEER"
2013-04-20,45.0,"LIQUOR,WINE,BEER"
2013-04-22,15.0,"LIQUOR,WINE,BEER"
2013-04-23,7.0,"LIQUOR,WINE,BEER"
2013-04-24,10.0,"LIQUOR,WINE,BEER"
2013-04-25,16.0,"LIQUOR,WINE,BEER"
2013-04-26,31.0,"LIQUOR,WINE,BEER"
2013-04-27,56.0,"LIQUOR,WINE,BEER"
2013-04-29,9.0,"LIQUOR,WINE,BEER"
2013-04-30,10.0,"LIQUOR,WINE,BEER"
2013-05-01,75.0,"LIQUOR,WINE,BEER"
2013-05-02,36.0,"LIQUOR,WINE,BEER"
2013-05-03,30.0,"LIQUOR,WINE,BEER"
2013-05-04,53.0,"LIQUOR,WINE,BEER"
2013-05-06,19.0,"LIQUOR,WINE,BEER"
2013-05-07,16.0,"LIQUOR,WINE,BEER"
2013-05-08,16.0,"LIQUOR,WINE,BEER"
2013-05-09,38.0,"LIQUOR,WINE,BEER"
2013-05-10,26.0,"LIQUOR,WINE,BEER"
2013-05-11,123.0,"LIQUOR,WINE,BEER"
2013-05-13,18.0,"LIQUOR,WINE,BEER"
2013-05-14,4.0,"LIQUOR,WINE,BEER"
2013-05-15,29.0,"LIQUOR,WINE,BEER"
2013-05-16,23.0,"LIQUOR,WINE,BEER"
2013-05-17,10.0,"LIQUOR,WINE,BEER"
2013-05-18,49.0,"LIQUOR,WINE,BEER"
2013-05-20,4.0,"LIQUOR,WINE,BEER"
2013-05-21,4.0,"LIQUOR,WINE,BEER"
2013-05-22,23.0,"LIQUOR,WINE,BEER"
2013-05-23,35.0,"LIQUOR,WINE,BEER"
2013-05-24,46.0,"LIQUOR,WINE,BEER"
2013-05-25,61.0,"LIQUOR,WINE,BEER"
2013-05-27,3.0,"LIQUOR,WINE,BEER"
2013-05-28,4.0,"LIQUOR,WINE,BEER"
2013-05-29,22.0,"LIQUOR,WINE,BEER"
2013-05-30,9.0,"LIQUOR,WINE,BEER"
2013-05-31,52.0,"LIQUOR,WINE,BEER"
2013-06-01,47.0,"LIQUOR,WINE,BEER"
2013-06-03,12.0,"LIQUOR,WINE,BEER"
2013-06-04,25.0,"LIQUOR,WINE,BEER"
2013-06-05,15.0,"LIQUOR,WINE,BEER"
2013-06-06,46.0,"LIQUOR,WINE,BEER"
2013-06-07,70.0,"LIQUOR,WINE,BEER"
2013-06-08,71.0,"LIQUOR,WINE,BEER"
2013-06-10,10.0,"LIQUOR,WINE,BEER"
2013-06-11,27.0,"LIQUOR,WINE,BEER"
2013-06-12,4.0,"LIQUOR,WINE,BEER"
2013-06-13,42.0,"LIQUOR,WINE,BEER"
2013-06-14,46.0,"LIQUOR,WINE,BEER"
2013-06-15,71.0,"LIQUOR,WINE,BEER"
2013-06-17,8.0,"LIQUOR,WINE,BEER"
2013-06-18,12.0,"LIQUOR,WINE,BEER"
2013-06-19,14.0,"LIQUOR,WINE,BEER"
2013-06-20,39.0,"LIQUOR,WINE,BEER"
2013-06-21,52.0,"LIQUOR,WINE,BEER"
2013-06-22,41.0,"LIQUOR,WINE,BEER"
2013-06-24,16.0,"LIQUOR,WINE,BEER"
2013-06-25,23.0,"LIQUOR,WINE,BEER"
2013-06-26,9.0,"LIQUOR,WINE,BEER"
2013-06-27,37.0,"LIQUOR,WINE,BEER"
2013-06-28,32.0,"LIQUOR,WINE,BEER"
2013-06-29,76.0,"LIQUOR,WINE,BEER"
2013-07-01,17.0,"LIQUOR,WINE,BEER"
2013-07-02,18.0,"LIQUOR,WINE,BEER"
2013-07-03,15.0,"LIQUOR,WINE,BEER"
2013-07-04,27.0,"LIQUOR,WINE,BEER"
2013-07-05,35.0,"LIQUOR,WINE,BEER"
2013-07-06,80.0,"LIQUOR,WINE,BEER"
2013-07-08,6.0,"LIQUOR,WINE,BEER"
2013-07-09,18.0,"LIQUOR,WINE,BEER"
2013-07-10,10.0,"LIQUOR,WINE,BEER"
2013-07-11,42.0,"LIQUOR,WINE,BEER"
2013-07-12,51.0,"LIQUOR,WINE,BEER"
2013-07-13,93.0,"LIQUOR,WINE,BEER"
2013-07-15,4.0,"LIQUOR,WINE,BEER"
2013-07-16,19.0,"LIQUOR,WINE,BEER"
2013-07-17,13.0,"LIQUOR,WINE,BEER"
2013-07-18,22.0,"LIQUOR,WINE,BEER"
2013-07-19,24.0,"LIQUOR,WINE,BEER"
2013-07-20,49.0,"LIQUOR,WINE,BEER"
2013-07-22,13.0,"LIQUOR,WINE,BEER"
2013-07-23,13.0,"LIQUOR,WINE,BEER"
2013-07-24,28.0,"LIQUOR,WINE,BEER"
2013-07-25,27.0,"LIQUOR,WINE,BEER"
2013-07-26,65.0,"LIQUOR,WINE,BEER"
2013-07-27,69.0,"LIQUOR,WINE,BEER"
2013-07-29,8.0,"LIQUOR,WINE,BEER"
2013-07-30,28.0,"LIQUOR,WINE,BEER"
2013-07-31,13.0,"LIQUOR,WINE,BEER"
2013-08-01,39.0,"LIQUOR,WINE,BEER"
2013-08-02,65.0,"LIQUOR,WINE,BEER"
2013-08-03,73.0,"LIQUOR,WINE,BEER"
2013-08-05,5.0,"LIQUOR,WINE,BEER"
2013-08-06,6.0,"LIQUOR,WINE,BEER"
2013-08-07,20.0,"LIQUOR,WINE,BEER"
2013-08-08,28.0,"LIQUOR,WINE,BEER"
2013-08-09,16.0,"LIQUOR,WINE,BEER"
2013-08-10,36.0,"LIQUOR,WINE,BEER"
2013-08-12,12.0,"LIQUOR,WINE,BEER"
2013-08-13,14.0,"LIQUOR,WINE,BEER"
2013-08-14,22.0,"LIQUOR,WINE,BEER"
2013-08-15,47.0,"LIQUOR,WINE,BEER"
2013-08-16,47.0,"LIQUOR,WINE,BEER"
2013-08-17,26.0,"LIQUOR,WINE,BEER"
2013-08-19,5.0,"LIQUOR,WINE,BEER"
2013-08-20,11.0,"LIQUOR,WINE,BEER"
2013-08-21,22.0,"LIQUOR,WINE,BEER"
2013-08-22,11.0,"LIQUOR,WINE,BEER"
2013-08-23,25.0,"LIQUOR,WINE,BEER"
2013-08-24,62.0,"LIQUOR,WINE,BEER"
2013-08-26,26.0,"LIQUOR,WINE,BEER"
2013-08-27,11.0,"LIQUOR,WINE,BEER"
2013-08-28,15.0,"LIQUOR,WINE,BEER"
2013-08-29,18.0,"LIQUOR,WINE,BEER"
2013-08-30,56.0,"LIQUOR,WINE,BEER"
2013-08-31,32.0,"LIQUOR,WINE,BEER"
2013-09-02,11.0,"LIQUOR,WINE,BEER"
2013-09-03,28.0,"LIQUOR,WINE,BEER"
2013-09-04,15.0,"LIQUOR,WINE,BEER"
2013-09-05,20.0,"LIQUOR,WINE,BEER"
2013-09-06,59.0,"LIQUOR,WINE,BEER"
2013-09-07,38.0,"LIQUOR,WINE,BEER"
2013-09-09,3.0,"LIQUOR,WINE,BEER"
2013-09-10,32.0,"LIQUOR,WINE,BEER"
2013-09-11,13.0,"LIQUOR,WINE,BEER"
2013-09-12,20.0,"LIQUOR,WINE,BEER"
2013-09-13,43.0,"LIQUOR,WINE,BEER"
2013-09-14,45.0,"LIQUOR,WINE,BEER"
2013-09-16,14.0,"LIQUOR,WINE,BEER"
2013-09-17,8.0,"LIQUOR,WINE,BEER"
2013-09-18,16.0,"LIQUOR,WINE,BEER"
2013-09-19,19.0,"LIQUOR,WINE,BEER"
2013-09-20,53.0,"LIQUOR,WINE,BEER"
2013-09-21,69.0,"LIQUOR,WINE,BEER"
2013-09-23,13.0,"LIQUOR,WINE,BEER"
2013-09-24,6.0,"LIQUOR,WINE,BEER"
2013-09-25,33.0,"LIQUOR,WINE,BEER"
2013-09-26,34.0,"LIQUOR,WINE,BEER"
2013-09-27,14.0,"LIQUOR,WINE,BEER"
2013-09-28,40.0,"LIQUOR,WINE,BEER"
2013-09-30,15.0,"LIQUOR,WINE,BEER"
2013-10-01,17.0,"LIQUOR,WINE,BEER"
2013-10-02,16.0,"LIQUOR,WINE,BEER"
2013-10-03,9.0,"LIQUOR,WINE,BEER"
2013-10-04,23.0,"LIQUOR,WINE,BEER"
2013-10-05,39.0,"LIQUOR,WINE,BEER"
2013-10-07,9.0,"LIQUOR,WINE,BEER"
2013-10-08,9.0,"LIQUOR,WINE,BEER"
2013-10-09,18.0,"LIQUOR,WINE,BEER"
2013-10-10,36.0,"LIQUOR,WINE,BEER"
2013-10-11,108.0,"LIQUOR,WINE,BEER"
2013-10-12,38.0,"LIQUOR,WINE,BEER"
2013-10-14,7.0,"LIQUOR,WINE,BEER"
2013-10-15,15.0,"LIQUOR,WINE,BEER"
2013-10-16,5.0,"LIQUOR,WINE,BEER"
2013-10-17,4.0,"LIQUOR,WINE,BEER"
2013-10-18,11.0,"LIQUOR,WINE,BEER"
2013-10-19,67.0,"LIQUOR,WINE,BEER"
2013-10-21,9.0,"LIQUOR,WINE,BEER"
2013-10-22,23.0,"LIQUOR,WINE,BEER"
2013-10-23,9.0,"LIQUOR,WINE,BEER"
2013-10-24,15.0,"LIQUOR,WINE,BEER"
2013-10-25,61.0,"LIQUOR,WINE,BEER"
2013-10-26,25.0,"LIQUOR,WINE,BEER"
2013-10-28,3.0,"LIQUOR,WINE,BEER"
2013-10-29,19.0,"LIQUOR,WINE,BEER"
2013-10-30,11.0,"LIQUOR,WINE,BEER"
2013-10-31,14.0,"LIQUOR,WINE,BEER"
2013-11-01,28.0,"LIQUOR,WINE,BEER"
2013-11-02,72.0,"LIQUOR,WINE,BEER"
2013-11-04,11.0,"LIQUOR,WINE,BEER"
2013-11-05,13.0,"LIQUOR,WINE,BEER"
2013-11-06,14.0,"LIQUOR,WINE,BEER"
2013-11-07,7.0,"LIQUOR,WINE,BEER"
2013-11-08,51.0,"LIQUOR,WINE,BEER"
2013-11-09,77.0,"LIQUOR,WINE,BEER"
2013-11-11,12.0,"LIQUOR,WINE,BEER"
2013-11-12,4.0,"LIQUOR,WINE,BEER"
2013-11-13,18.0,"LIQUOR,WINE,BEER"
2013-11-14,6.0,"LIQUOR,WINE,BEER"
2013-11-15,11.0,"LIQUOR,WINE,BEER"
2013-11-16,46.0,"LIQUOR,WINE,BEER"
2013-11-18,4.0,"LIQUOR,WINE,BEER"
2013-11-19,18.0,"LIQUOR,WINE,BEER"
2013-11-20,14.0,"LIQUOR,WINE,BEER"
2013-11-21,10.0,"LIQUOR,WINE,BEER"
2013-11-22,17.0,"LIQUOR,WINE,BEER"
2013-11-23,72.0,"LIQUOR,WINE,BEER"
2013-11-25,3.0,"LIQUOR,WINE,BEER"
2013-11-26,13.0,"LIQUOR,WINE,BEER"
2013-11-27,26.0,"LIQUOR,WINE,BEER"
2013-11-28,32.0,"LIQUOR,WINE,BEER"
2013-11-29,21.0,"LIQUOR,WINE,BEER"
2013-11-30,65.0,"LIQUOR,WINE,BEER"
2013-12-02,9.0,"LIQUOR,WINE,BEER"
2013-12-03,9.0,"LIQUOR,WINE,BEER"
2013-12-04,25.0,"LIQUOR,WINE,BEER"
2013-12-05,22.0,"LIQUOR,WINE,BEER"
2013-12-06,32.0,"LIQUOR,WINE,BEER"
2013-12-07,38.0,"LIQUOR,WINE,BEER"
2013-12-09,18.0,"LIQUOR,WINE,BEER"
2013-12-10,11.0,"LIQUOR,WINE,BEER"
2013-12-11,9.0,"LIQUOR,WINE,BEER"
2013-12-12,13.0,"LIQUOR,WINE,BEER"
2013-12-13,65.0,"LIQUOR,WINE,BEER"
2013-12-14,88.0,"LIQUOR,WINE,BEER"
2013-12-16,13.0,"LIQUOR,WINE,BEER"
2013-12-17,27.0,"LIQUOR,WINE,BEER"
2013-12-18,27.0,"LIQUOR,WINE,BEER"
2013-12-19,71.0,"LIQUOR,WINE,BEER"
2013-12-20,102.0,"LIQUOR,WINE,BEER"
2013-12-21,109.0,"LIQUOR,WINE,BEER"
2013-12-23,104.0,"LIQUOR,WINE,BEER"
2013-12-24,144.0,"LIQUOR,WINE,BEER"
2013-12-26,32.0,"LIQUOR,WINE,BEER"
2013-12-27,55.0,"LIQUOR,WINE,BEER"
2013-12-28,73.0,"LIQUOR,WINE,BEER"
2013-12-30,97.0,"LIQUOR,WINE,BEER"
2013-12-31,139.0,"LIQUOR,WINE,BEER"
2014-01-02,19.0,"LIQUOR,WINE,BEER"
2014-01-03,42.0,"LIQUOR,WINE,BEER"
2014-01-04,49.0,"LIQUOR,WINE,BEER"
2014-01-06,9.0,"LIQUOR,WINE,BEER"
2014-01-07,29.0,"LIQUOR,WINE,BEER"
2014-01-08,16.0,"LIQUOR,WINE,BEER"
2014-01-09,31.0,"LIQUOR,WINE,BEER"
2014-01-10,40.0,"LIQUOR,WINE,BEER"
2014-01-11,73.0,"LIQUOR,WINE,BEER"
2014-01-13,4.0,"LIQUOR,WINE,BEER"
2014-01-14,9.0,"LIQUOR,WINE,BEER"
2014-01-15,15.0,"LIQUOR,WINE,BEER"
2014-01-16,22.0,"LIQUOR,WINE,BEER"
2014-01-17,52.0,"LIQUOR,WINE,BEER"
2014-01-18,35.0,"LIQUOR,WINE,BEER"
2014-01-20,12.0,"LIQUOR,WINE,BEER"
2014-01-21,11.0,"LIQUOR,WINE,BEER"
2014-01-22,16.0,"LIQUOR,WINE,BEER"
2014-01-23,20.0,"LIQUOR,WINE,BEER"
2014-01-24,31.0,"LIQUOR,WINE,BEER"
2014-01-25,47.0,"LIQUOR,WINE,BEER"
2014-01-27,6.0,"LIQUOR,WINE,BEER"
2014-01-28,11.0,"LIQUOR,WINE,BEER"
2014-01-29,14.0,"LIQUOR,WINE,BEER"
2014-01-30,23.0,"LIQUOR,WINE,BEER"
2014-01-31,69.0,"LIQUOR,WINE,BEER"
2014-02-01,61.0,"LIQUOR,WINE,BEER"
2014-02-03,25.0,"LIQUOR,WINE,BEER"
2014-02-04,23.0,"LIQUOR,WINE,BEER"
2014-02-05,17.0,"LIQUOR,WINE,BEER"
2014-02-06,30.0,"LIQUOR,WINE,BEER"
2014-02-07,43.0,"LIQUOR,WINE,BEER"
2014-02-08,53.0,"LIQUOR,WINE,BEER"
2014-02-10,26.0,"LIQUOR,WINE,BEER"
2014-02-11,11.0,"LIQUOR,WINE,BEER"
2014-02-12,20.0,"LIQUOR,WINE,BEER"
2014-02-13,37.0,"LIQUOR,WINE,BEER"
2014-02-14,37.0,"LIQUOR,WINE,BEER"
2014-02-15,57.0,"LIQUOR,WINE,BEER"
2014-02-17,36.0,"LIQUOR,WINE,BEER"
2014-02-18,25.0,"LIQUOR,WINE,BEER"
2014-02-19,9.0,"LIQUOR,WINE,BEER"
2014-02-20,25.0,"LIQUOR,WINE,BEER"
2014-02-24,3.0,"LIQUOR,WINE,BEER"
2014-02-25,17.0,"LIQUOR,WINE,BEER"
2014-02-26,20.0,"LIQUOR,WINE,BEER"
2014-02-27,7.0,"LIQUOR,WINE,BEER"
2014-02-28,32.0,"LIQUOR,WINE,BEER"
2014-03-01,122.0,"LIQUOR,WINE,BEER"
2014-03-02,15.0,"LIQUOR,WINE,BEER"
2014-03-03,50.0,"LIQUOR,WINE,BEER"
2014-03-05,8.0,"LIQUOR,WINE,BEER"
2014-03-06,24.0,"LIQUOR,WINE,BEER"
2014-03-07,19.0,"LIQUOR,WINE,BEER"
2014-03-08,56.0,"LIQUOR,WINE,BEER"
2014-03-10,6.0,"LIQUOR,WINE,BEER"
2014-03-11,36.0,"LIQUOR,WINE,BEER"
2014-03-12,22.0,"LIQUOR,WINE,BEER"
2014-03-13,22.0,"LIQUOR,WINE,BEER"
2014-03-14,25.0,"LIQUOR,WINE,BEER"
2014-03-15,41.0,"LIQUOR,WINE,BEER"
2014-03-17,8.0,"LIQUOR,WINE,BEER"
2014-03-18,6.0,"LIQUOR,WINE,BEER"
2014-03-19,43.0,"LIQUOR,WINE,BEER"
2014-03-20,33.0,"LIQUOR,WINE,BEER"
2014-03-21,11.0,"LIQUOR,WINE,BEER"
2014-03-22,43.0,"LIQUOR,WINE,BEER"
2014-03-24,8.0,"LIQUOR,WINE,BEER"
2014-03-25,8.0,"LIQUOR,WINE,BEER"
2014-03-26,6.0,"LIQUOR,WINE,BEER"
2014-03-27,13.0,"LIQUOR,WINE,BEER"
2014-03-28,20.0,"LIQUOR,WINE,BEER"
2014-03-29,61.0,"LIQUOR,WINE,BEER"
2014-03-31,10.0,"LIQUOR,WINE,BEER"
2014-04-01,18.0,"LIQUOR,WINE,BEER"
2014-04-02,32.0,"LIQUOR,WINE,BEER"
2014-04-03,61.0,"LIQUOR,WINE,BEER"
2014-04-04,15.0,"LIQUOR,WINE,BEER"
2014-04-05,44.0,"LIQUOR,WINE,BEER"
2014-04-07,10.0,"LIQUOR,WINE,BEER"
2014-04-08,21.0,"LIQUOR,WINE,BEER"
2014-04-09,5.0,"LIQUOR,WINE,BEER"
2014-04-10,20.0,"LIQUOR,WINE,BEER"
2014-04-11,29.0,"LIQUOR,WINE,BEER"
2014-04-12,44.0,"LIQUOR,WINE,BEER"
2014-04-14,6.0,"LIQUOR,WINE,BEER"
2014-04-15,6.0,"LIQUOR,WINE,BEER"
2014-04-16,17.0,"LIQUOR,WINE,BEER"
2014-04-17,16.0,"LIQUOR,WINE,BEER"
2014-04-18,34.0,"LIQUOR,WINE,BEER"
2014-04-19,62.0,"LIQUOR,WINE,BEER"
2014-04-21,15.0,"LIQUOR,WINE,BEER"
2014-04-22,11.0,"LIQUOR,WINE,BEER"
2014-04-23,15.0,"LIQUOR,WINE,BEER"
2014-04-24,24.0,"LIQUOR,WINE,BEER"
2014-04-25,45.0,"LIQUOR,WINE,BEER"
2014-04-26,50.0,"LIQUOR,WINE,BEER"
2014-04-28,17.0,"LIQUOR,WINE,BEER"
2014-04-29,516.0,"LIQUOR,WINE,BEER"
2014-04-30,20.0,"LIQUOR,WINE,BEER"
2014-05-01,27.0,"LIQUOR,WINE,BEER"
2014-05-02,40.0,"LIQUOR,WINE,BEER"
2014-05-03,53.0,"LIQUOR,WINE,BEER"
2014-05-05,6.0,"LIQUOR,WINE,BEER"
2014-05-06,10.0,"LIQUOR,WINE,BEER"
2014-05-07,12.0,"LIQUOR,WINE,BEER"
2014-05-08,45.0,"LIQUOR,WINE,BEER"
2014-05-09,54.0,"LIQUOR,WINE,BEER"
2014-05-10,112.0,"LIQUOR,WINE,BEER"
2014-05-12,10.0,"LIQUOR,WINE,BEER"
2014-05-13,9.0,"LIQUOR,WINE,BEER"
2014-05-14,24.0,"LIQUOR,WINE,BEER"
2014-05-15,26.0,"LIQUOR,WINE,BEER"
2014-05-16,45.0,"LIQUOR,WINE,BEER"
2014-05-17,67.0,"LIQUOR,WINE,BEER"
2014-05-19,12.0,"LIQUOR,WINE,BEER"
2014-05-20,13.0,"LIQUOR,WINE,BEER"
2014-05-21,13.0,"LIQUOR,WINE,BEER"
2014-05-22,23.0,"LIQUOR,WINE,BEER"
2014-05-23,59.0,"LIQUOR,WINE,BEER"
2014-05-24,112.0,"LIQUOR,WINE,BEER"
2014-05-26,13.0,"LIQUOR,WINE,BEER"
2014-05-27,12.0,"LIQUOR,WINE,BEER"
2014-05-28,12.0,"LIQUOR,WINE,BEER"
2014-05-29,21.0,"LIQUOR,WINE,BEER"
2014-05-30,36.0,"LIQUOR,WINE,BEER"
2014-05-31,72.0,"LIQUOR,WINE,BEER"
2014-06-02,13.0,"LIQUOR,WINE,BEER"
2014-06-03,36.0,"LIQUOR,WINE,BEER"
2014-06-04,20.0,"LIQUOR,WINE,BEER"
2014-06-05,37.0,"LIQUOR,WINE,BEER"
2014-06-06,40.0,"LIQUOR,WINE,BEER"
2014-06-07,87.0,"LIQUOR,WINE,BEER"
2014-06-09,12.0,"LIQUOR,WINE,BEER"
2014-06-10,6.0,"LIQUOR,WINE,BEER"
2014-06-11,28.0,"LIQUOR,WINE,BEER"
2014-06-12,49.0,"LIQUOR,WINE,BEER"
2014-06-13,34.0,"LIQUOR,WINE,BEER"
2014-06-14,95.0,"LIQUOR,WINE,BEER"
2014-06-16,19.0,"LIQUOR,WINE,BEER"
2014-06-17,14.0,"LIQUOR,WINE,BEER"
2014-06-18,5.0,"LIQUOR,WINE,BEER"
2014-06-19,41.0,"LIQUOR,WINE,BEER"
2014-06-20,97.0,"LIQUOR,WINE,BEER"
2014-06-21,67.0,"LIQUOR,WINE,BEER"
2014-06-23,6.0,"LIQUOR,WINE,BEER"
2014-06-24,13.0,"LIQUOR,WINE,BEER"
2014-06-25,52.0,"LIQUOR,WINE,BEER"
2014-06-26,16.0,"LIQUOR,WINE,BEER"
2014-06-27,28.0,"LIQUOR,WINE,BEER"
2014-06-28,77.0,"LIQUOR,WINE,BEER"
2014-06-30,17.0,"LIQUOR,WINE,BEER"
2014-07-01,16.0,"LIQUOR,WINE,BEER"
2014-07-02,11.0,"LIQUOR,WINE,BEER"
2014-07-03,33.0,"LIQUOR,WINE,BEER"
2014-07-04,71.0,"LIQUOR,WINE,BEER"
2014-07-05,93.0,"LIQUOR,WINE,BEER"
2014-07-07,16.0,"LIQUOR,WINE,BEER"
2014-07-08,12.0,"LIQUOR,WINE,BEER"
2014-07-09,12.0,"LIQUOR,WINE,BEER"
2014-07-10,27.0,"LIQUOR,WINE,BEER"
2014-07-11,59.0,"LIQUOR,WINE,BEER"
2014-07-12,69.0,"LIQUOR,WINE,BEER"
2014-07-14,15.0,"LIQUOR,WINE,BEER"
2014-07-15,37.0,"LIQUOR,WINE,BEER"
2014-07-16,65.0,"LIQUOR,WINE,BEER"
2014-07-17,32.0,"LIQUOR,WINE,BEER"
2014-07-18,56.0,"LIQUOR,WINE,BEER"
2014-07-19,75.0,"LIQUOR,WINE,BEER"
2014-07-21,13.0,"LIQUOR,WINE,BEER"
2014-07-22,59.0,"LIQUOR,WINE,BEER"
2014-07-23,21.0,"LIQUOR,WINE,BEER"
2014-07-24,22.0,"LIQUOR,WINE,BEER"
2014-07-25,48.0,"LIQUOR,WINE,BEER"
2014-07-26,70.0,"LIQUOR,WINE,BEER"
2014-07-28,15.0,"LIQUOR,WINE,BEER"
2014-07-29,18.0,"LIQUOR,WINE,BEER"
2014-07-30,12.0,"LIQUOR,WINE,BEER"
2014-07-31,29.0,"LIQUOR,WINE,BEER"
2014-08-01,57.0,"LIQUOR,WINE,BEER"
2014-08-02,44.0,"LIQUOR,WINE,BEER"
2014-08-04,14.0,"LIQUOR,WINE,BEER"
2014-08-05,26.0,"LIQUOR,WINE,BEER"
2014-08-06,7.0,"LIQUOR,WINE,BEER"
2014-08-07,37.0,"LIQUOR,WINE,BEER"
2014-08-08,47.0,"LIQUOR,WINE,BEER"
2014-08-09,93.0,"LIQUOR,WINE,BEER"
2014-08-11,10.0,"LIQUOR,WINE,BEER"
2014-08-12,78.0,"LIQUOR,WINE,BEER"
2014-08-13,8.0,"LIQUOR,WINE,BEER"
2014-08-14,35.0,"LIQUOR,WINE,BEER"
2014-08-15,26.0,"LIQUOR,WINE,BEER"
2014-08-16,73.0,"LIQUOR,WINE,BEER"
2014-08-18,12.0,"LIQUOR,WINE,BEER"
2014-08-19,31.0,"LIQUOR,WINE,BEER"
2014-08-20,23.0,"LIQUOR,WINE,BEER"
2014-08-21,35.0,"LIQUOR,WINE,BEER"
2014-08-22,30.0,"LIQUOR,WINE,BEER"
2014-08-23,29.0,"LIQUOR,WINE,BEER"
2014-08-25,24.0,"LIQUOR,WINE,BEER"
2014-08-26,77.0,"LIQUOR,WINE,BEER"
2014-08-27,16.0,"LIQUOR,WINE,BEER"
2014-08-28,20.0,"LIQUOR,WINE,BEER"
2014-08-29,29.0,"LIQUOR,WINE,BEER"
2014-08-30,41.0,"LIQUOR,WINE,BEER"
2014-09-01,3.0,"LIQUOR,WINE,BEER"
2014-09-02,36.0,"LIQUOR,WINE,BEER"
2014-09-03,39.0,"LIQUOR,WINE,BEER"
2014-09-04,14.0,"LIQUOR,WINE,BEER"
2014-09-05,39.0,"LIQUOR,WINE,BEER"
2014-09-06,50.0,"LIQUOR,WINE,BEER"
2014-09-08,16.0,"LIQUOR,WINE,BEER"
2014-09-09,13.0,"LIQUOR,WINE,BEER"
2014-09-10,40.0,"LIQUOR,WINE,BEER"
2014-09-11,29.0,"LIQUOR,WINE,BEER"
2014-09-12,19.0,"LIQUOR,WINE,BEER"
2014-09-13,44.0,"LIQUOR,WINE,BEER"
2014-09-15,9.0,"LIQUOR,WINE,BEER"
2014-09-16,60.0,"LIQUOR,WINE,BEER"
2014-09-17,17.0,"LIQUOR,WINE,BEER"
2014-09-18,3.0,"LIQUOR,WINE,BEER"
2014-09-19,21.0,"LIQUOR,WINE,BEER"
2014-09-20,31.0,"LIQUOR,WINE,BEER"
2014-09-22,19.0,"LIQUOR,WINE,BEER"
2014-09-23,10.0,"LIQUOR,WINE,BEER"
2014-09-24,16.0,"LIQUOR,WINE,BEER"
2014-09-25,33.0,"LIQUOR,WINE,BEER"
2014-09-26,17.0,"LIQUOR,WINE,BEER"
2014-09-27,29.0,"LIQUOR,WINE,BEER"
2014-09-29,9.0,"LIQUOR,WINE,BEER"
2014-09-30,9.0,"LIQUOR,WINE,BEER"
2014-10-01,21.0,"LIQUOR,WINE,BEER"
2014-10-02,54.0,"LIQUOR,WINE,BEER"
2014-10-03,56.0,"LIQUOR,WINE,BEER"
2014-10-04,30.0,"LIQUOR,WINE,BEER"
2014-10-06,5.0,"LIQUOR,WINE,BEER"
2014-10-07,5.0,"LIQUOR,WINE,BEER"
2014-10-08,20.0,"LIQUOR,WINE,BEER"
2014-10-09,30.0,"LIQUOR,WINE,BEER"
2014-10-10,42.0,"LIQUOR,WINE,BEER"
2014-10-11,23.0,"LIQUOR,WINE,BEER"
2014-10-13,5.0,"LIQUOR,WINE,BEER"
2014-10-14,7.0,"LIQUOR,WINE,BEER"
2014-10-15,11.0,"LIQUOR,WINE,BEER"
2014-10-16,17.0,"LIQUOR,WINE,BEER"
2014-10-17,30.0,"LIQUOR,WINE,BEER"
2014-10-18,28.0,"LIQUOR,WINE,BEER"
2014-10-20,20.0,"LIQUOR,WINE,BEER"
2014-10-21,9.0,"LIQUOR,WINE,BEER"
2014-10-22,3.0,"LIQUOR,WINE,BEER"
2014-10-23,21.0,"LIQUOR,WINE,BEER"
2014-10-24,31.0,"LIQUOR,WINE,BEER"
2014-10-25,56.0,"LIQUOR,WINE,BEER"
2014-10-27,3.0,"LIQUOR,WINE,BEER"
2014-10-28,19.0,"LIQUOR,WINE,BEER"
2014-10-29,13.0,"LIQUOR,WINE,BEER"
2014-10-30,18.0,"LIQUOR,WINE,BEER"
2014-10-31,47.0,"LIQUOR,WINE,BEER"
2014-11-01,71.0,"LIQUOR,WINE,BEER"
2014-11-03,14.0,"LIQUOR,WINE,BEER"
2014-11-04,7.0,"LIQUOR,WINE,BEER"
2014-11-05,17.0,"LIQUOR,WINE,BEER"
2014-11-06,32.0,"LIQUOR,WINE,BEER"
2014-11-07,59.0,"LIQUOR,WINE,BEER"
2014-11-08,118.0,"LIQUOR,WINE,BEER"
2014-11-10,7.0,"LIQUOR,WINE,BEER"
2014-11-11,23.0,"LIQUOR,WINE,BEER"
2014-11-12,5.0,"LIQUOR,WINE,BEER"
2014-11-13,41.0,"LIQUOR,WINE,BEER"
2014-11-14,29.0,"LIQUOR,WINE,BEER"
2014-11-15,48.0,"LIQUOR,WINE,BEER"
2014-11-17,20.0,"LIQUOR,WINE,BEER"
2014-11-18,12.0,"LIQUOR,WINE,BEER"
2014-11-19,9.0,"LIQUOR,WINE,BEER"
2014-11-20,22.0,"LIQUOR,WINE,BEER"
2014-11-21,47.0,"LIQUOR,WINE,BEER"
2014-11-22,36.0,"LIQUOR,WINE,BEER"
2014-11-24,10.0,"LIQUOR,WINE,BEER"
2014-11-25,17.0,"LIQUOR,WINE,BEER"
2014-11-26,13.0,"LIQUOR,WINE,BEER"
2014-11-27,13.0,"LIQUOR,WINE,BEER"
2014-11-28,50.0,"LIQUOR,WINE,BEER"
2014-11-29,34.0,"LIQUOR,WINE,BEER"
2014-12-01,10.0,"LIQUOR,WINE,BEER"
2014-12-02,22.0,"LIQUOR,WINE,BEER"
2014-12-03,26.0,"LIQUOR,WINE,BEER"
2014-12-04,29.0,"LIQUOR,WINE,BEER"
2014-12-05,46.0,"LIQUOR,WINE,BEER"
2014-12-06,75.0,"LIQUOR,WINE,BEER"
2014-12-08,15.0,"LIQUOR,WINE,BEER"
2014-12-09,27.0,"LIQUOR,WINE,BEER"
2014-12-10,68.0,"LIQUOR,WINE,BEER"
2014-12-11,31.0,"LIQUOR,WINE,BEER"
2014-12-12,56.0,"LIQUOR,WINE,BEER"
2014-12-13,68.0,"LIQUOR,WINE,BEER"
2014-12-15,45.0,"LIQUOR,WINE,BEER"
2014-12-16,24.0,"LIQUOR,WINE,BEER"
2014-12-17,70.0,"LIQUOR,WINE,BEER"
2014-12-18,65.0,"LIQUOR,WINE,BEER"
2014-12-19,84.0,"LIQUOR,WINE,BEER"
2014-12-20,86.0,"LIQUOR,WINE,BEER"
2014-12-22,94.0,"LIQUOR,WINE,BEER"
2014-12-23,160.0,"LIQUOR,WINE,BEER"
2014-12-24,189.0,"LIQUOR,WINE,BEER"
2014-12-26,140.0,"LIQUOR,WINE,BEER"
2014-12-27,151.0,"LIQUOR,WINE,BEER"
2014-12-29,35.0,"LIQUOR,WINE,BEER"
2014-12-30,94.0,"LIQUOR,WINE,BEER"
2014-12-31,190.0,"LIQUOR,WINE,BEER"
2015-01-02,73.0,"LIQUOR,WINE,BEER"
2015-01-03,54.0,"LIQUOR,WINE,BEER"
2015-01-05,18.0,"LIQUOR,WINE,BEER"
2015-01-06,7.0,"LIQUOR,WINE,BEER"
2015-01-07,13.0,"LIQUOR,WINE,BEER"
2015-01-08,20.0,"LIQUOR,WINE,BEER"
2015-01-09,40.0,"LIQUOR,WINE,BEER"
2015-01-10,81.0,"LIQUOR,WINE,BEER"
2015-01-12,7.0,"LIQUOR,WINE,BEER"
2015-01-13,16.0,"LIQUOR,WINE,BEER"
2015-01-14,10.0,"LIQUOR,WINE,BEER"
2015-01-15,36.0,"LIQUOR,WINE,BEER"
2015-01-16,41.0,"LIQUOR,WINE,BEER"
2015-01-17,60.0,"LIQUOR,WINE,BEER"
2015-01-19,8.0,"LIQUOR,WINE,BEER"
2015-01-20,9.0,"LIQUOR,WINE,BEER"
2015-01-21,53.0,"LIQUOR,WINE,BEER"
2015-01-22,12.0,"LIQUOR,WINE,BEER"
2015-01-23,31.0,"LIQUOR,WINE,BEER"
2015-01-24,68.0,"LIQUOR,WINE,BEER"
2015-01-26,6.0,"LIQUOR,WINE,BEER"
2015-01-27,7.0,"LIQUOR,WINE,BEER"
2015-01-28,12.0,"LIQUOR,WINE,BEER"
2015-01-29,14.0,"LIQUOR,WINE,BEER"
2015-01-30,37.0,"LIQUOR,WINE,BEER"
2015-01-31,98.0,"LIQUOR,WINE,BEER"
2015-02-02,19.0,"LIQUOR,WINE,BEER"
2015-02-03,21.0,"LIQUOR,WINE,BEER"
2015-02-04,14.0,"LIQUOR,WINE,BEER"
2015-02-05,15.0,"LIQUOR,WINE,BEER"
2015-02-06,60.0,"LIQUOR,WINE,BEER"
2015-02-07,38.0,"LIQUOR,WINE,BEER"
2015-02-09,15.0,"LIQUOR,WINE,BEER"
2015-02-10,22.0,"LIQUOR,WINE,BEER"
2015-02-11,53.0,"LIQUOR,WINE,BEER"
2015-02-12,44.0,"LIQUOR,WINE,BEER"
2015-02-13,60.0,"LIQUOR,WINE,BEER"
2015-02-14,83.0,"LIQUOR,WINE,BEER"
2015-02-15,25.0,"LIQUOR,WINE,BEER"
2015-02-16,50.0,"LIQUOR,WINE,BEER"
2015-02-18,9.0,"LIQUOR,WINE,BEER"
2015-02-19,16.0,"LIQUOR,WINE,BEER"
2015-02-20,20.0,"LIQUOR,WINE,BEER"
2015-02-21,67.0,"LIQUOR,WINE,BEER"
2015-02-23,13.0,"LIQUOR,WINE,BEER"
2015-02-24,13.0,"LIQUOR,WINE,BEER"
2015-02-25,14.0,"LIQUOR,WINE,BEER"
2015-02-26,61.0,"LIQUOR,WINE,BEER"
2015-02-27,23.0,"LIQUOR,WINE,BEER"
2015-02-28,45.0,"LIQUOR,WINE,BEER"
2015-03-02,8.0,"LIQUOR,WINE,BEER"
2015-03-03,11.0,"LIQUOR,WINE,BEER"
2015-03-04,24.0,"LIQUOR,WINE,BEER"
2015-03-05,29.0,"LIQUOR,WINE,BEER"
2015-03-06,31.0,"LIQUOR,WINE,BEER"
2015-03-07,64.0,"LIQUOR,WINE,BEER"
2015-03-09,32.0,"LIQUOR,WINE,BEER"
2015-03-10,16.0,"LIQUOR,WINE,BEER"
2015-03-11,48.0,"LIQUOR,WINE,BEER"
2015-03-12,16.0,"LIQUOR,WINE,BEER"
2015-03-13,65.0,"LIQUOR,WINE,BEER"
2015-03-14,44.0,"LIQUOR,WINE,BEER"
2015-03-16,35.0,"LIQUOR,WINE,BEER"
2015-03-17,19.0,"LIQUOR,WINE,BEER"
2015-03-18,20.0,"LIQUOR,WINE,BEER"
2015-03-19,47.0,"LIQUOR,WINE,BEER"
2015-03-20,129.0,"LIQUOR,WINE,BEER"
2015-03-21,67.0,"LIQUOR,WINE,BEER"
2015-03-23,13.0,"LIQUOR,WINE,BEER"
2015-03-24,24.0,"LIQUOR,WINE,BEER"
2015-03-25,34.0,"LIQUOR,WINE,BEER"
2015-03-26,26.0,"LIQUOR,WINE,BEER"
2015-03-27,35.0,"LIQUOR,WINE,BEER"
2015-03-28,46.0,"LIQUOR,WINE,BEER"
2015-03-30,23.0,"LIQUOR,WINE,BEER"
2015-03-31,63.0,"LIQUOR,WINE,BEER"
2015-04-01,74.0,"LIQUOR,WINE,BEER"
2015-04-02,58.0,"LIQUOR,WINE,BEER"
2015-04-03,36.0,"LIQUOR,WINE,BEER"
2015-04-04,89.0,"LIQUOR,WINE,BEER"
2015-04-06,50.0,"LIQUOR,WINE,BEER"
2015-04-07,16.0,"LIQUOR,WINE,BEER"
2015-04-08,25.0,"LIQUOR,WINE,BEER"
2015-04-09,28.0,"LIQUOR,WINE,BEER"
2015-04-10,82.0,"LIQUOR,WINE,BEER"
2015-04-11,61.0,"LIQUOR,WINE,BEER"
2015-04-13,24.0,"LIQUOR,WINE,BEER"
2015-04-14,38.0,"LIQUOR,WINE,BEER"
2015-04-15,27.0,"LIQUOR,WINE,BEER"
2015-04-16,30.0,"LIQUOR,WINE,BEER"
2015-04-17,80.0,"LIQUOR,WINE,BEER"
2015-04-18,62.0,"LIQUOR,WINE,BEER"
2015-04-20,33.0,"LIQUOR,WINE,BEER"
2015-04-21,22.0,"LIQUOR,WINE,BEER"
2015-04-22,25.0,"LIQUOR,WINE,BEER"
2015-04-23,38.0,"LIQUOR,WINE,BEER"
2015-04-24,39.0,"LIQUOR,WINE,BEER"
2015-04-25,83.0,"LIQUOR,WINE,BEER"
2015-04-27,1.0,"LIQUOR,WINE,BEER"
2015-04-28,21.0,"LIQUOR,WINE,BEER"
2015-04-29,59.0,"LIQUOR,WINE,BEER"
2015-04-30,313.0,"LIQUOR,WINE,BEER"
2015-05-01,56.0,"LIQUOR,WINE,BEER"
2015-05-02,40.0,"LIQUOR,WINE,BEER"
2015-05-04,42.0,"LIQUOR,WINE,BEER"
2015-05-05,26.0,"LIQUOR,WINE,BEER"
2015-05-06,18.0,"LIQUOR,WINE,BEER"
2015-05-07,26.0,"LIQUOR,WINE,BEER"
2015-05-08,154.0,"LIQUOR,WINE,BEER"
2015-05-09,129.0,"LIQUOR,WINE,BEER"
2015-05-11,51.0,"LIQUOR,WINE,BEER"
2015-05-12,25.0,"LIQUOR,WINE,BEER"
2015-05-13,29.0,"LIQUOR,WINE,BEER"
2015-05-14,58.0,"LIQUOR,WINE,BEER"
2015-05-15,46.0,"LIQUOR,WINE,BEER"
2015-05-16,104.0,"LIQUOR,WINE,BEER"
2015-05-18,55.0,"LIQUOR,WINE,BEER"
2015-05-19,46.0,"LIQUOR,WINE,BEER"
2015-05-20,38.0,"LIQUOR,WINE,BEER"
2015-05-21,58.0,"LIQUOR,WINE,BEER"
2015-05-22,75.0,"LIQUOR,WINE,BEER"
2015-05-23,104.0,"LIQUOR,WINE,BEER"
2015-05-25,28.0,"LIQUOR,WINE,BEER"
2015-05-26,77.0,"LIQUOR,WINE,BEER"
2015-05-27,23.0,"LIQUOR,WINE,BEER"
2015-05-28,67.0,"LIQUOR,WINE,BEER"
2015-05-29,89.0,"LIQUOR,WINE,BEER"
2015-05-30,78.0,"LIQUOR,WINE,BEER"
2015-06-01,43.0,"LIQUOR,WINE,BEER"
2015-06-02,27.0,"LIQUOR,WINE,BEER"
2015-06-03,24.0,"LIQUOR,WINE,BEER"
2015-06-04,35.0,"LIQUOR,WINE,BEER"
2015-06-05,38.0,"LIQUOR,WINE,BEER"
2015-06-06,103.0,"LIQUOR,WINE,BEER"
2015-06-08,7.0,"LIQUOR,WINE,BEER"
2015-06-09,9.0,"LIQUOR,WINE,BEER"
2015-06-10,23.0,"LIQUOR,WINE,BEER"
2015-06-11,50.0,"LIQUOR,WINE,BEER"
2015-06-12,53.0,"LIQUOR,WINE,BEER"
2015-06-13,48.0,"LIQUOR,WINE,BEER"
2015-06-15,19.0,"LIQUOR,WINE,BEER"
2015-06-16,8.0,"LIQUOR,WINE,BEER"
2015-06-17,17.0,"LIQUOR,WINE,BEER"
2015-06-18,49.0,"LIQUOR,WINE,BEER"
2015-06-19,44.0,"LIQUOR,WINE,BEER"
2015-06-20,103.0,"LIQUOR,WINE,BEER"
2015-06-22,21.0,"LIQUOR,WINE,BEER"
2015-06-23,14.0,"LIQUOR,WINE,BEER"
2015-06-24,27.0,"LIQUOR,WINE,BEER"
2015-06-25,20.0,"LIQUOR,WINE,BEER"
2015-06-26,53.0,"LIQUOR,WINE,BEER"
2015-06-27,60.0,"LIQUOR,WINE,BEER"
2015-06-29,65.0,"LIQUOR,WINE,BEER"
2015-06-30,22.0,"LIQUOR,WINE,BEER"
2015-07-01,27.0,"LIQUOR,WINE,BEER"
2015-07-02,32.0,"LIQUOR,WINE,BEER"
2015-07-03,53.0,"LIQUOR,WINE,BEER"
2015-07-04,94.0,"LIQUOR,WINE,BEER"
2015-07-06,17.0,"LIQUOR,WINE,BEER"
2015-07-07,34.0,"LIQUOR,WINE,BEER"
2015-07-08,16.0,"LIQUOR,WINE,BEER"
2015-07-09,27.0,"LIQUOR,WINE,BEER"
2015-07-10,61.0,"LIQUOR,WINE,BEER"
2015-07-11,88.0,"LIQUOR,WINE,BEER"
2015-07-13,30.0,"LIQUOR,WINE,BEER"
2015-07-14,27.0,"LIQUOR,WINE,BEER"
2015-07-15,15.0,"LIQUOR,WINE,BEER"
2015-07-16,22.0,"LIQUOR,WINE,BEER"
2015-07-17,59.0,"LIQUOR,WINE,BEER"
2015-07-18,76.0,"LIQUOR,WINE,BEER"
2015-07-20,29.0,"LIQUOR,WINE,BEER"
2015-07-21,58.0,"LIQUOR,WINE,BEER"
2015-07-22,31.0,"LIQUOR,WINE,BEER"
2015-07-23,74.0,"LIQUOR,WINE,BEER"
2015-07-24,65.0,"LIQUOR,WINE,BEER"
2015-07-25,82.0,"LIQUOR,WINE,BEER"
2015-07-27,59.0,"LIQUOR,WINE,BEER"
2015-07-28,50.0,"LIQUOR,WINE,BEER"
2015-07-29,14.0,"LIQUOR,WINE,BEER"
2015-07-30,72.0,"LIQUOR,WINE,BEER"
2015-07-31,56.0,"LIQUOR,WINE,BEER"
2015-08-01,77.0,"LIQUOR,WINE,BEER"
2015-08-03,62.0,"LIQUOR,WINE,BEER"
2015-08-04,22.0,"LIQUOR,WINE,BEER"
2015-08-05,46.0,"LIQUOR,WINE,BEER"
2015-08-06,14.0,"LIQUOR,WINE,BEER"
2015-08-07,109.0,"LIQUOR,WINE,BEER"
2015-08-08,44.0,"LIQUOR,WINE,BEER"
2015-08-10,25.0,"LIQUOR,WINE,BEER"
2015-08-11,26.0,"LIQUOR,WINE,BEER"
2015-08-12,26.0,"LIQUOR,WINE,BEER"
2015-08-13,10.0,"LIQUOR,WINE,BEER"
2015-08-14,37.0,"LIQUOR,WINE,BEER"
2015-08-15,27.0,"LIQUOR,WINE,BEER"
2015-08-17,9.0,"LIQUOR,WINE,BEER"
2015-08-18,13.0,"LIQUOR,WINE,BEER"
2015-08-19,13.0,"LIQUOR,WINE,BEER"
2015-08-20,63.0,"LIQUOR,WINE,BEER"
2015-08-21,36.0,"LIQUOR,WINE,BEER"
2015-08-22,69.0,"LIQUOR,WINE,BEER"
2015-08-24,12.0,"LIQUOR,WINE,BEER"
2015-08-25,15.0,"LIQUOR,WINE,BEER"
2015-08-26,12.0,"LIQUOR,WINE,BEER"
2015-08-27,38.0,"LIQUOR,WINE,BEER"
2015-08-28,39.0,"LIQUOR,WINE,BEER"
2015-08-29,35.0,"LIQUOR,WINE,BEER"
2015-08-31,13.0,"LIQUOR,WINE,BEER"
2015-09-01,16.0,"LIQUOR,WINE,BEER"
2015-09-02,14.0,"LIQUOR,WINE,BEER"
2015-09-03,14.0,"LIQUOR,WINE,BEER"
2015-09-04,71.0,"LIQUOR,WINE,BEER"
2015-09-05,69.0,"LIQUOR,WINE,BEER"
2015-09-07,22.0,"LIQUOR,WINE,BEER"
2015-09-08,66.0,"LIQUOR,WINE,BEER"
2015-09-09,25.0,"LIQUOR,WINE,BEER"
2015-09-10,13.0,"LIQUOR,WINE,BEER"
2015-09-11,29.0,"LIQUOR,WINE,BEER"
2015-09-12,65.0,"LIQUOR,WINE,BEER"
2015-09-14,10.0,"LIQUOR,WINE,BEER"
2015-09-15,20.0,"LIQUOR,WINE,BEER"
2015-09-16,45.0,"LIQUOR,WINE,BEER"
2015-09-17,23.0,"LIQUOR,WINE,BEER"
2015-09-18,25.0,"LIQUOR,WINE,BEER"
2015-09-19,98.0,"LIQUOR,WINE,BEER"
2015-09-21,6.0,"LIQUOR,WINE,BEER"
2015-09-22,16.0,"LIQUOR,WINE,BEER"
2015-09-23,24.0,"LIQUOR,WINE,BEER"
2015-09-24,20.0,"LIQUOR,WINE,BEER"
2015-09-25,61.0,"LIQUOR,WINE,BEER"
2015-09-26,77.0,"LIQUOR,WINE,BEER"
2015-09-28,35.0,"LIQUOR,WINE,BEER"
2015-09-29,11.0,"LIQUOR,WINE,BEER"
2015-09-30,59.0,"LIQUOR,WINE,BEER"
2015-10-01,14.0,"LIQUOR,WINE,BEER"
2015-10-02,40.0,"LIQUOR,WINE,BEER"
2015-10-03,241.0,"LIQUOR,WINE,BEER"
2015-10-05,23.0,"LIQUOR,WINE,BEER"
2015-10-06,8.0,"LIQUOR,WINE,BEER"
2015-10-07,15.0,"LIQUOR,WINE,BEER"
2015-10-08,55.0,"LIQUOR,WINE,BEER"
2015-10-09,56.0,"LIQUOR,WINE,BEER"
2015-10-10,164.0,"LIQUOR,WINE,BEER"
2015-10-12,29.0,"LIQUOR,WINE,BEER"
2015-10-13,26.0,"LIQUOR,WINE,BEER"
2015-10-14,19.0,"LIQUOR,WINE,BEER"
2015-10-15,6.0,"LIQUOR,WINE,BEER"
2015-10-16,49.0,"LIQUOR,WINE,BEER"
2015-10-17,73.0,"LIQUOR,WINE,BEER"
2015-10-19,7.0,"LIQUOR,WINE,BEER"
2015-10-20,8.0,"LIQUOR,WINE,BEER"
2015-10-21,20.0,"LIQUOR,WINE,BEER"
2015-10-22,11.0,"LIQUOR,WINE,BEER"
2015-10-23,27.0,"LIQUOR,WINE,BEER"
2015-10-24,79.0,"LIQUOR,WINE,BEER"
2015-10-26,16.0,"LIQUOR,WINE,BEER"
2015-10-27,30.0,"LIQUOR,WINE,BEER"
2015-10-28,23.0,"LIQUOR,WINE,BEER"
2015-10-29,43.0,"LIQUOR,WINE,BEER"
2015-10-30,64.0,"LIQUOR,WINE,BEER"
2015-10-31,64.0,"LIQUOR,WINE,BEER"
2015-11-01,17.0,"LIQUOR,WINE,BEER"
2015-11-02,36.0,"LIQUOR,WINE,BEER"
2015-11-04,16.0,"LIQUOR,WINE,BEER"
2015-11-05,18.0,"LIQUOR,WINE,BEER"
2015-11-06,51.0,"LIQUOR,WINE,BEER"
2015-11-07,86.0,"LIQUOR,WINE,BEER"
2015-11-09,49.0,"LIQUOR,WINE,BEER"
2015-11-10,5.0,"LIQUOR,WINE,BEER"
2015-11-11,16.0,"LIQUOR,WINE,BEER"
2015-11-12,102.0,"LIQUOR,WINE,BEER"
2015-11-13,29.0,"LIQUOR,WINE,BEER"
2015-11-14,81.0,"LIQUOR,WINE,BEER"
2015-11-16,10.0,"LIQUOR,WINE,BEER"
2015-11-17,82.0,"LIQUOR,WINE,BEER"
2015-11-18,3.0,"LIQUOR,WINE,BEER"
2015-11-19,7.0,"LIQUOR,WINE,BEER"
2015-11-20,48.0,"LIQUOR,WINE,BEER"
2015-11-21,35.0,"LIQUOR,WINE,BEER"
2015-11-23,35.0,"LIQUOR,WINE,BEER"
2015-11-24,11.0,"LIQUOR,WINE,BEER"
2015-11-25,18.0,"LIQUOR,WINE,BEER"
2015-11-26,101.0,"LIQUOR,WINE,BEER"
2015-11-27,66.0,"LIQUOR,WINE,BEER"
2015-11-28,51.0,"LIQUOR,WINE,BEER"
2015-11-30,19.0,"LIQUOR,WINE,BEER"
2015-12-01,19.0,"LIQUOR,WINE,BEER"
2015-12-02,22.0,"LIQUOR,WINE,BEER"
2015-12-03,237.0,"LIQUOR,WINE,BEER"
2015-12-04,62.0,"LIQUOR,WINE,BEER"
2015-12-05,131.0,"LIQUOR,WINE,BEER"
2015-12-07,34.0,"LIQUOR,WINE,BEER"
2015-12-08,13.0,"LIQUOR,WINE,BEER"
2015-12-09,18.0,"LIQUOR,WINE,BEER"
2015-12-10,72.0,"LIQUOR,WINE,BEER"
2015-12-11,70.0,"LIQUOR,WINE,BEER"
2015-12-12,120.0,"LIQUOR,WINE,BEER"
2015-12-14,89.0,"LIQUOR,WINE,BEER"
2015-12-15,26.0,"LIQUOR,WINE,BEER"
2015-12-16,29.0,"LIQUOR,WINE,BEER"
2015-12-17,62.0,"LIQUOR,WINE,BEER"
2015-12-18,73.0,"LIQUOR,WINE,BEER"
2015-12-19,69.0,"LIQUOR,WINE,BEER"
2015-12-21,25.0,"LIQUOR,WINE,BEER"
2015-12-22,64.0,"LIQUOR,WINE,BEER"
2015-12-23,108.0,"LIQUOR,WINE,BEER"
2015-12-24,155.0,"LIQUOR,WINE,BEER"
2015-12-26,94.0,"LIQUOR,WINE,BEER"
2015-12-28,32.0,"LIQUOR,WINE,BEER"
2015-12-29,56.0,"LIQUOR,WINE,BEER"
2015-12-30,134.0,"LIQUOR,WINE,BEER"
2015-12-31,159.0,"LIQUOR,WINE,BEER"
2016-01-02,66.0,"LIQUOR,WINE,BEER"
2016-01-04,13.0,"LIQUOR,WINE,BEER"
2016-01-05,21.0,"LIQUOR,WINE,BEER"
2016-01-06,18.0,"LIQUOR,WINE,BEER"
2016-01-07,14.0,"LIQUOR,WINE,BEER"
2016-01-08,110.0,"LIQUOR,WINE,BEER"
2016-01-09,66.0,"LIQUOR,WINE,BEER"
2016-01-11,8.0,"LIQUOR,WINE,BEER"
2016-01-12,17.0,"LIQUOR,WINE,BEER"
2016-01-13,37.0,"LIQUOR,WINE,BEER"
2016-01-14,18.0,"LIQUOR,WINE,BEER"
2016-01-15,43.0,"LIQUOR,WINE,BEER"
2016-01-16,88.0,"LIQUOR,WINE,BEER"
2016-01-18,35.0,"LIQUOR,WINE,BEER"
2016-01-19,29.0,"LIQUOR,WINE,BEER"
2016-01-20,11.0,"LIQUOR,WINE,BEER"
2016-01-21,54.0,"LIQUOR,WINE,BEER"
2016-01-22,96.0,"LIQUOR,WINE,BEER"
2016-01-23,111.0,"LIQUOR,WINE,BEER"
2016-01-25,31.0,"LIQUOR,WINE,BEER"
2016-01-26,11.0,"LIQUOR,WINE,BEER"
2016-01-27,14.0,"LIQUOR,WINE,BEER"
2016-01-28,17.0,"LIQUOR,WINE,BEER"
2016-01-29,61.0,"LIQUOR,WINE,BEER"
2016-01-30,102.0,"LIQUOR,WINE,BEER"
2016-02-01,5.0,"LIQUOR,WINE,BEER"
2016-02-02,30.0,"LIQUOR,WINE,BEER"
2016-02-03,11.0,"LIQUOR,WINE,BEER"
2016-02-04,33.0,"LIQUOR,WINE,BEER"
2016-02-05,96.0,"LIQUOR,WINE,BEER"
2016-02-06,66.0,"LIQUOR,WINE,BEER"
2016-02-07,22.0,"LIQUOR,WINE,BEER"
2016-02-08,33.0,"LIQUOR,WINE,BEER"
2016-02-10,22.0,"LIQUOR,WINE,BEER"
2016-02-11,11.0,"LIQUOR,WINE,BEER"
2016-02-12,29.0,"LIQUOR,WINE,BEER"
2016-02-13,72.0,"LIQUOR,WINE,BEER"
2016-02-15,30.0,"LIQUOR,WINE,BEER"
2016-02-16,22.0,"LIQUOR,WINE,BEER"
2016-02-17,14.0,"LIQUOR,WINE,BEER"
2016-02-18,18.0,"LIQUOR,WINE,BEER"
2016-02-19,47.0,"LIQUOR,WINE,BEER"
2016-02-20,39.0,"LIQUOR,WINE,BEER"
2016-02-22,19.0,"LIQUOR,WINE,BEER"
2016-02-23,18.0,"LIQUOR,WINE,BEER"
2016-02-24,12.0,"LIQUOR,WINE,BEER"
2016-02-25,11.0,"LIQUOR,WINE,BEER"
2016-02-26,34.0,"LIQUOR,WINE,BEER"
2016-02-27,69.0,"LIQUOR,WINE,BEER"
2016-02-29,20.0,"LIQUOR,WINE,BEER"
2016-03-01,13.0,"LIQUOR,WINE,BEER"
2016-03-02,29.0,"LIQUOR,WINE,BEER"
2016-03-03,16.0,"LIQUOR,WINE,BEER"
2016-03-04,56.0,"LIQUOR,WINE,BEER"
2016-03-05,83.0,"LIQUOR,WINE,BEER"
2016-03-07,36.0,"LIQUOR,WINE,BEER"
2016-03-08,24.0,"LIQUOR,WINE,BEER"
2016-03-09,15.0,"LIQUOR,WINE,BEER"
2016-03-10,16.0,"LIQUOR,WINE,BEER"
2016-03-11,120.0,"LIQUOR,WINE,BEER"
2016-03-12,41.0,"LIQUOR,WINE,BEER"
2016-03-14,9.0,"LIQUOR,WINE,BEER"
2016-03-15,16.0,"LIQUOR,WINE,BEER"
2016-03-16,8.0,"LIQUOR,WINE,BEER"
2016-03-17,21.0,"LIQUOR,WINE,BEER"
2016-03-18,78.0,"LIQUOR,WINE,BEER"
2016-03-19,111.0,"LIQUOR,WINE,BEER"
2016-03-21,45.0,"LIQUOR,WINE,BEER"
2016-03-22,25.0,"LIQUOR,WINE,BEER"
2016-03-23,18.0,"LIQUOR,WINE,BEER"
2016-03-24,72.0,"LIQUOR,WINE,BEER"
2016-03-25,35.0,"LIQUOR,WINE,BEER"
2016-03-26,64.0,"LIQUOR,WINE,BEER"
2016-03-28,34.0,"LIQUOR,WINE,BEER"
2016-03-29,56.0,"LIQUOR,WINE,BEER"
2016-03-30,4.0,"LIQUOR,WINE,BEER"
2016-03-31,11.0,"LIQUOR,WINE,BEER"
2016-04-01,13.0,"LIQUOR,WINE,BEER"
2016-04-02,124.0,"LIQUOR,WINE,BEER"
2016-04-04,25.0,"LIQUOR,WINE,BEER"
2016-04-05,19.0,"LIQUOR,WINE,BEER"
2016-04-06,56.0,"LIQUOR,WINE,BEER"
2016-04-07,29.0,"LIQUOR,WINE,BEER"
2016-04-08,33.0,"LIQUOR,WINE,BEER"
2016-04-09,80.0,"LIQUOR,WINE,BEER"
2016-04-11,28.0,"LIQUOR,WINE,BEER"
2016-04-12,18.0,"LIQUOR,WINE,BEER"
2016-04-13,23.0,"LIQUOR,WINE,BEER"
2016-04-14,15.0,"LIQUOR,WINE,BEER"
2016-04-15,23.0,"LIQUOR,WINE,BEER"
2016-04-16,85.0,"LIQUOR,WINE,BEER"
2016-04-18,24.0,"LIQUOR,WINE,BEER"
2016-04-19,6.0,"LIQUOR,WINE,BEER"
2016-04-20,7.0,"LIQUOR,WINE,BEER"
2016-04-21,31.0,"LIQUOR,WINE,BEER"
2016-04-22,59.0,"LIQUOR,WINE,BEER"
2016-04-23,50.0,"LIQUOR,WINE,BEER"
2016-04-25,24.0,"LIQUOR,WINE,BEER"
2016-04-26,9.0,"LIQUOR,WINE,BEER"
2016-04-27,5.0,"LIQUOR,WINE,BEER"
2016-04-28,21.0,"LIQUOR,WINE,BEER"
2016-04-29,39.0,"LIQUOR,WINE,BEER"
2016-04-30,156.0,"LIQUOR,WINE,BEER"
2016-05-02,25.0,"LIQUOR,WINE,BEER"
2016-05-03,29.0,"LIQUOR,WINE,BEER"
2016-05-04,44.0,"LIQUOR,WINE,BEER"
2016-05-05,29.0,"LIQUOR,WINE,BEER"
2016-05-06,71.0,"LIQUOR,WINE,BEER"
2016-05-07,68.0,"LIQUOR,WINE,BEER"
2016-05-09,22.0,"LIQUOR,WINE,BEER"
2016-05-10,18.0,"LIQUOR,WINE,BEER"
2016-05-11,43.0,"LIQUOR,WINE,BEER"
2016-05-12,69.0,"LIQUOR,WINE,BEER"
2016-05-13,32.0,"LIQUOR,WINE,BEER"
2016-05-14,70.0,"LIQUOR,WINE,BEER"
2016-05-15,14.0,"LIQUOR,WINE,BEER"
2016-05-16,9.0,"LIQUOR,WINE,BEER"
2016-05-17,26.0,"LIQUOR,WINE,BEER"
2016-05-18,139.0,"LIQUOR,WINE,BEER"
2016-05-19,11.0,"LIQUOR,WINE,BEER"
2016-05-20,22.0,"LIQUOR,WINE,BEER"
2016-05-21,21.0,"LIQUOR,WINE,BEER"
2016-05-22,11.0,"LIQUOR,WINE,BEER"
2016-05-23,28.0,"LIQUOR,WINE,BEER"
2016-05-24,2.0,"LIQUOR,WINE,BEER"
2016-05-25,93.0,"LIQUOR,WINE,BEER"
2016-05-26,50.0,"LIQUOR,WINE,BEER"
2016-05-27,63.0,"LIQUOR,WINE,BEER"
2016-05-28,43.0,"LIQUOR,WINE,BEER"
2016-05-29,8.0,"LIQUOR,WINE,BEER"
2016-05-30,16.0,"LIQUOR,WINE,BEER"
2016-05-31,11.0,"LIQUOR,WINE,BEER"
2016-06-01,7.0,"LIQUOR,WINE,BEER"
2016-06-02,3.0,"LIQUOR,WINE,BEER"
2016-06-03,17.0,"LIQUOR,WINE,BEER"
2016-06-04,23.0,"LIQUOR,WINE,BEER"
2016-06-05,2.0,"LIQUOR,WINE,BEER"
2016-06-06,7.0,"LIQUOR,WINE,BEER"
2016-06-07,19.0,"LIQUOR,WINE,BEER"
2016-06-08,19.0,"LIQUOR,WINE,BEER"
2016-06-09,44.0,"LIQUOR,WINE,BEER"
2016-06-10,33.0,"LIQUOR,WINE,BEER"
2016-06-11,21.0,"LIQUOR,WINE,BEER"
2016-06-12,16.0,"LIQUOR,WINE,BEER"
2016-06-13,19.0,"LIQUOR,WINE,BEER"
2016-06-14,28.0,"LIQUOR,WINE,BEER"
2016-06-15,27.0,"LIQUOR,WINE,BEER"
2016-06-16,26.0,"LIQUOR,WINE,BEER"
2016-06-17,70.0,"LIQUOR,WINE,BEER"
2016-06-18,112.0,"LIQUOR,WINE,BEER"
2016-06-19,42.0,"LIQUOR,WINE,BEER"
2016-06-20,35.0,"LIQUOR,WINE,BEER"
2016-06-21,11.0,"LIQUOR,WINE,BEER"
2016-06-22,28.0,"LIQUOR,WINE,BEER"
2016-06-23,21.0,"LIQUOR,WINE,BEER"
2016-06-24,27.0,"LIQUOR,WINE,BEER"
2016-06-25,32.0,"LIQUOR,WINE,BEER"
2016-06-26,35.0,"LIQUOR,WINE,BEER"
2016-06-27,10.0,"LIQUOR,WINE,BEER"
2016-06-28,19.0,"LIQUOR,WINE,BEER"
2016-06-29,34.0,"LIQUOR,WINE,BEER"
2016-06-30,28.0,"LIQUOR,WINE,BEER"
2016-07-01,40.0,"LIQUOR,WINE,BEER"
2016-07-02,109.0,"LIQUOR,WINE,BEER"
2016-07-03,14.0,"LIQUOR,WINE,BEER"
2016-07-04,72.0,"LIQUOR,WINE,BEER"
2016-07-05,23.0,"LIQUOR,WINE,BEER"
2016-07-06,13.0,"LIQUOR,WINE,BEER"
2016-07-07,150.0,"LIQUOR,WINE,BEER"
2016-07-08,84.0,"LIQUOR,WINE,BEER"
2016-07-09,76.0,"LIQUOR,WINE,BEER"
2016-07-10,16.0,"LIQUOR,WINE,BEER"
2016-07-11,6.0,"LIQUOR,WINE,BEER"
2016-07-12,11.0,"LIQUOR,WINE,BEER"
2016-07-13,18.0,"LIQUOR,WINE,BEER"
2016-07-14,52.0,"LIQUOR,WINE,BEER"
2016-07-15,65.0,"LIQUOR,WINE,BEER"
2016-07-16,46.0,"LIQUOR,WINE,BEER"
2016-07-17,10.0,"LIQUOR,WINE,BEER"
2016-07-18,25.0,"LIQUOR,WINE,BEER"
2016-07-19,4.0,"LIQUOR,WINE,BEER"
2016-07-20,29.0,"LIQUOR,WINE,BEER"
2016-07-21,32.0,"LIQUOR,WINE,BEER"
2016-07-22,47.0,"LIQUOR,WINE,BEER"
2016-07-23,75.0,"LIQUOR,WINE,BEER"
2016-07-24,15.0,"LIQUOR,WINE,BEER"
2016-07-25,29.0,"LIQUOR,WINE,BEER"
2016-07-26,28.0,"LIQUOR,WINE,BEER"
2016-07-27,50.0,"LIQUOR,WINE,BEER"
2016-07-28,31.0,"LIQUOR,WINE,BEER"
2016-07-29,77.0,"LIQUOR,WINE,BEER"
2016-07-30,65.0,"LIQUOR,WINE,BEER"
2016-07-31,33.0,"LIQUOR,WINE,BEER"
2016-08-01,15.0,"LIQUOR,WINE,BEER"
2016-08-02,96.0,"LIQUOR,WINE,BEER"
2016-08-03,12.0,"LIQUOR,WINE,BEER"
2016-08-04,38.0,"LIQUOR,WINE,BEER"
2016-08-05,20.0,"LIQUOR,WINE,BEER"
2016-08-06,70.0,"LIQUOR,WINE,BEER"
2016-08-07,6.0,"LIQUOR,WINE,BEER"
2016-08-08,20.0,"LIQUOR,WINE,BEER"
2016-08-09,35.0,"LIQUOR,WINE,BEER"
2016-08-10,26.0,"LIQUOR,WINE,BEER"
2016-08-11,53.0,"LIQUOR,WINE,BEER"
2016-08-12,33.0,"LIQUOR,WINE,BEER"
2016-08-13,49.0,"LIQUOR,WINE,BEER"
2016-08-14,5.0,"LIQUOR,WINE,BEER"
2016-08-15,9.0,"LIQUOR,WINE,BEER"
2016-08-16,135.0,"LIQUOR,WINE,BEER"
2016-08-17,27.0,"LIQUOR,WINE,BEER"
2016-08-18,18.0,"LIQUOR,WINE,BEER"
2016-08-19,69.0,"LIQUOR,WINE,BEER"
2016-08-20,111.0,"LIQUOR,WINE,BEER"
2016-08-21,15.0,"LIQUOR,WINE,BEER"
2016-08-22,14.0,"LIQUOR,WINE,BEER"
2016-08-23,21.0,"LIQUOR,WINE,BEER"
2016-08-24,28.0,"LIQUOR,WINE,BEER"
2016-08-25,31.0,"LIQUOR,WINE,BEER"
2016-08-26,48.0,"LIQUOR,WINE,BEER"
2016-08-27,88.0,"LIQUOR,WINE,BEER"
2016-08-28,11.0,"LIQUOR,WINE,BEER"
2016-08-29,14.0,"LIQUOR,WINE,BEER"
2016-08-30,24.0,"LIQUOR,WINE,BEER"
2016-08-31,15.0,"LIQUOR,WINE,BEER"
2016-09-01,57.0,"LIQUOR,WINE,BEER"
2016-09-02,62.0,"LIQUOR,WINE,BEER"
2016-09-03,68.0,"LIQUOR,WINE,BEER"
2016-09-04,18.0,"LIQUOR,WINE,BEER"
2016-09-05,14.0,"LIQUOR,WINE,BEER"
2016-09-06,33.0,"LIQUOR,WINE,BEER"
2016-09-07,12.0,"LIQUOR,WINE,BEER"
2016-09-08,17.0,"LIQUOR,WINE,BEER"
2016-09-09,22.0,"LIQUOR,WINE,BEER"
2016-09-10,36.0,"LIQUOR,WINE,BEER"
2016-09-11,14.0,"LIQUOR,WINE,BEER"
2016-09-12,13.0,"LIQUOR,WINE,BEER"
2016-09-13,10.0,"LIQUOR,WINE,BEER"
2016-09-14,10.0,"LIQUOR,WINE,BEER"
2016-09-15,17.0,"LIQUOR,WINE,BEER"
2016-09-16,35.0,"LIQUOR,WINE,BEER"
2016-09-17,45.0,"LIQUOR,WINE,BEER"
2016-09-18,13.0,"LIQUOR,WINE,BEER"
2016-09-19,21.0,"LIQUOR,WINE,BEER"
2016-09-20,19.0,"LIQUOR,WINE,BEER"
2016-09-21,24.0,"LIQUOR,WINE,BEER"
2016-09-22,37.0,"LIQUOR,WINE,BEER"
2016-09-23,28.0,"LIQUOR,WINE,BEER"
2016-09-24,51.0,"LIQUOR,WINE,BEER"
2016-09-25,21.0,"LIQUOR,WINE,BEER"
2016-09-26,28.0,"LIQUOR,WINE,BEER"
2016-09-27,5.0,"LIQUOR,WINE,BEER"
2016-09-28,13.0,"LIQUOR,WINE,BEER"
2016-09-29,26.0,"LIQUOR,WINE,BEER"
2016-09-30,41.0,"LIQUOR,WINE,BEER"
2016-10-01,92.0,"LIQUOR,WINE,BEER"
2016-10-02,21.0,"LIQUOR,WINE,BEER"
2016-10-03,43.0,"LIQUOR,WINE,BEER"
2016-10-04,13.0,"LIQUOR,WINE,BEER"
2016-10-05,16.0,"LIQUOR,WINE,BEER"
2016-10-06,30.0,"LIQUOR,WINE,BEER"
2016-10-07,44.0,"LIQUOR,WINE,BEER"
2016-10-08,68.0,"LIQUOR,WINE,BEER"
2016-10-09,23.0,"LIQUOR,WINE,BEER"
2016-10-10,22.0,"LIQUOR,WINE,BEER"
2016-10-11,34.0,"LIQUOR,WINE,BEER"
2016-10-12,58.0,"LIQUOR,WINE,BEER"
2016-10-13,16.0,"LIQUOR,WINE,BEER"
2016-10-14,70.0,"LIQUOR,WINE,BEER"
2016-10-15,54.0,"LIQUOR,WINE,BEER"
2016-10-16,12.0,"LIQUOR,WINE,BEER"
2016-10-17,26.0,"LIQUOR,WINE,BEER"
2016-10-18,35.0,"LIQUOR,WINE,BEER"
2016-10-19,24.0,"LIQUOR,WINE,BEER"
2016-10-20,18.0,"LIQUOR,WINE,BEER"
2016-10-21,37.0,"LIQUOR,WINE,BEER"
2016-10-22,33.0,"LIQUOR,WINE,BEER"
2016-10-23,15.0,"LIQUOR,WINE,BEER"
2016-10-24,7.0,"LIQUOR,WINE,BEER"
2016-10-25,20.0,"LIQUOR,WINE,BEER"
2016-10-26,16.0,"LIQUOR,WINE,BEER"
2016-10-27,27.0,"LIQUOR,WINE,BEER"
2016-10-28,44.0,"LIQUOR,WINE,BEER"
2016-10-29,67.0,"LIQUOR,WINE,BEER"
2016-10-30,20.0,"LIQUOR,WINE,BEER"
2016-10-31,30.0,"LIQUOR,WINE,BEER"
2016-11-01,39.0,"LIQUOR,WINE,BEER"
2016-11-02,76.0,"LIQUOR,WINE,BEER"
2016-11-03,73.0,"LIQUOR,WINE,BEER"
2016-11-04,172.0,"LIQUOR,WINE,BEER"
2016-11-05,101.0,"LIQUOR,WINE,BEER"
2016-11-06,15.0,"LIQUOR,WINE,BEER"
2016-11-07,30.0,"LIQUOR,WINE,BEER"
2016-11-08,48.0,"LIQUOR,WINE,BEER"
2016-11-09,19.0,"LIQUOR,WINE,BEER"
2016-11-10,25.0,"LIQUOR,WINE,BEER"
2016-11-11,14.0,"LIQUOR,WINE,BEER"
2016-11-12,42.0,"LIQUOR,WINE,BEER"
2016-11-13,24.0,"LIQUOR,WINE,BEER"
2016-11-14,8.0,"LIQUOR,WINE,BEER"
2016-11-15,26.0,"LIQUOR,WINE,BEER"
2016-11-16,24.0,"LIQUOR,WINE,BEER"
2016-11-17,16.0,"LIQUOR,WINE,BEER"
2016-11-18,41.0,"LIQUOR,WINE,BEER"
2016-11-19,45.0,"LIQUOR,WINE,BEER"
2016-11-20,16.0,"LIQUOR,WINE,BEER"
2016-11-21,12.0,"LIQUOR,WINE,BEER"
2016-11-22,26.0,"LIQUOR,WINE,BEER"
2016-11-23,15.0,"LIQUOR,WINE,BEER"
2016-11-24,14.0,"LIQUOR,WINE,BEER"
2016-11-25,20.0,"LIQUOR,WINE,BEER"
2016-11-26,63.0,"LIQUOR,WINE,BEER"
2016-11-27,40.0,"LIQUOR,WINE,BEER"
2016-11-28,17.0,"LIQUOR,WINE,BEER"
2016-11-29,12.0,"LIQUOR,WINE,BEER"
2016-11-30,21.0,"LIQUOR,WINE,BEER"
2016-12-01,24.0,"LIQUOR,WINE,BEER"
2016-12-02,70.0,"LIQUOR,WINE,BEER"
2016-12-03,43.0,"LIQUOR,WINE,BEER"
2016-12-04,28.0,"LIQUOR,WINE,BEER"
2016-12-05,8.0,"LIQUOR,WINE,BEER"
2016-12-06,29.0,"LIQUOR,WINE,BEER"
2016-12-07,20.0,"LIQUOR,WINE,BEER"
2016-12-08,37.0,"LIQUOR,WINE,BEER"
2016-12-09,94.0,"LIQUOR,WINE,BEER"
2016-12-10,81.0,"LIQUOR,WINE,BEER"
2016-12-11,30.0,"LIQUOR,WINE,BEER"
2016-12-12,11.0,"LIQUOR,WINE,BEER"
2016-12-13,19.0,"LIQUOR,WINE,BEER"
2016-12-14,23.0,"LIQUOR,WINE,BEER"
2016-12-15,26.0,"LIQUOR,WINE,BEER"
2016-12-16,34.0,"LIQUOR,WINE,BEER"
2016-12-17,101.0,"LIQUOR,WINE,BEER"
2016-12-18,18.0,"LIQUOR,WINE,BEER"
2016-12-19,28.0,"LIQUOR,WINE,BEER"
2016-12-20,53.0,"LIQUOR,WINE,BEER"
2016-12-21,43.0,"LIQUOR,WINE,BEER"
2016-12-22,90.0,"LIQUOR,WINE,BEER"
2016-12-23,158.0,"LIQUOR,WINE,BEER"
2016-12-24,114.0,"LIQUOR,WINE,BEER"
2016-12-26,45.0,"LIQUOR,WINE,BEER"
2016-12-27,52.0,"LIQUOR,WINE,BEER"
2016-12-28,38.0,"LIQUOR,WINE,BEER"
2016-12-29,133.0,"LIQUOR,WINE,BEER"
2016-12-30,158.0,"LIQUOR,WINE,BEER"
2016-12-31,197.0,"LIQUOR,WINE,BEER"
2017-01-02,27.0,"LIQUOR,WINE,BEER"
2017-01-03,22.0,"LIQUOR,WINE,BEER"
2017-01-04,28.0,"LIQUOR,WINE,BEER"
2017-01-05,13.0,"LIQUOR,WINE,BEER"
2017-01-06,33.0,"LIQUOR,WINE,BEER"
2017-01-07,36.0,"LIQUOR,WINE,BEER"
2017-01-08,17.0,"LIQUOR,WINE,BEER"
2017-01-09,17.0,"LIQUOR,WINE,BEER"
2017-01-10,9.0,"LIQUOR,WINE,BEER"
2017-01-11,3.0,"LIQUOR,WINE,BEER"
2017-01-12,59.0,"LIQUOR,WINE,BEER"
2017-01-13,15.0,"LIQUOR,WINE,BEER"
2017-01-14,47.0,"LIQUOR,WINE,BEER"
2017-01-15,9.0,"LIQUOR,WINE,BEER"
2017-01-16,14.0,"LIQUOR,WINE,BEER"
2017-01-17,9.0,"LIQUOR,WINE,BEER"
2017-01-18,32.0,"LIQUOR,WINE,BEER"
2017-01-19,40.0,"LIQUOR,WINE,BEER"
2017-01-20,81.0,"LIQUOR,WINE,BEER"
2017-01-21,29.0,"LIQUOR,WINE,BEER"
2017-01-22,20.0,"LIQUOR,WINE,BEER"
2017-01-23,16.0,"LIQUOR,WINE,BEER"
2017-01-24,12.0,"LIQUOR,WINE,BEER"
2017-01-25,5.0,"LIQUOR,WINE,BEER"
2017-01-26,12.0,"LIQUOR,WINE,BEER"
2017-01-27,36.0,"LIQUOR,WINE,BEER"
2017-01-28,41.0,"LIQUOR,WINE,BEER"
2017-01-29,17.0,"LIQUOR,WINE,BEER"
2017-01-30,11.0,"LIQUOR,WINE,BEER"
2017-01-31,7.0,"LIQUOR,WINE,BEER"
2017-02-01,38.0,"LIQUOR,WINE,BEER"
2017-02-02,24.0,"LIQUOR,WINE,BEER"
2017-02-03,71.0,"LIQUOR,WINE,BEER"
2017-02-04,57.0,"LIQUOR,WINE,BEER"
2017-02-05,20.0,"LIQUOR,WINE,BEER"
2017-02-06,31.0,"LIQUOR,WINE,BEER"
2017-02-07,28.0,"LIQUOR,WINE,BEER"
2017-02-08,12.0,"LIQUOR,WINE,BEER"
2017-02-09,58.0,"LIQUOR,WINE,BEER"
2017-02-10,47.0,"LIQUOR,WINE,BEER"
2017-02-11,37.0,"LIQUOR,WINE,BEER"
2017-02-12,20.0,"LIQUOR,WINE,BEER"
2017-02-13,49.0,"LIQUOR,WINE,BEER"
2017-02-14,35.0,"LIQUOR,WINE,BEER"
2017-02-15,36.0,"LIQUOR,WINE,BEER"
2017-02-16,15.0,"LIQUOR,WINE,BEER"
2017-02-17,10.0,"LIQUOR,WINE,BEER"
2017-02-20,8.0,"LIQUOR,WINE,BEER"
2017-02-21,27.0,"LIQUOR,WINE,BEER"
2017-02-22,21.0,"LIQUOR,WINE,BEER"
2017-02-23,46.0,"LIQUOR,WINE,BEER"
2017-02-24,32.0,"LIQUOR,WINE,BEER"
2017-02-25,78.0,"LIQUOR,WINE,BEER"
2017-02-26,51.0,"LIQUOR,WINE,BEER"
2017-02-27,24.0,"LIQUOR,WINE,BEER"
2017-02-28,27.0,"LIQUOR,WINE,BEER"
2017-03-01,6.0,"LIQUOR,WINE,BEER"
2017-03-02,20.0,"LIQUOR,WINE,BEER"
2017-03-03,32.0,"LIQUOR,WINE,BEER"
2017-03-04,60.0,"LIQUOR,WINE,BEER"
2017-03-05,29.0,"LIQUOR,WINE,BEER"
2017-03-06,70.0,"LIQUOR,WINE,BEER"
2017-03-07,8.0,"LIQUOR,WINE,BEER"
2017-03-08,15.0,"LIQUOR,WINE,BEER"
2017-03-09,13.0,"LIQUOR,WINE,BEER"
2017-03-10,31.0,"LIQUOR,WINE,BEER"
2017-03-11,53.0,"LIQUOR,WINE,BEER"
2017-03-12,14.0,"LIQUOR,WINE,BEER"
2017-03-13,13.0,"LIQUOR,WINE,BEER"
2017-03-14,16.0,"LIQUOR,WINE,BEER"
2017-03-15,9.0,"LIQUOR,WINE,BEER"
2017-03-16,34.0,"LIQUOR,WINE,BEER"
2017-03-17,36.0,"LIQUOR,WINE,BEER"
2017-03-18,43.0,"LIQUOR,WINE,BEER"
2017-03-19,17.0,"LIQUOR,WINE,BEER"
2017-03-20,18.0,"LIQUOR,WINE,BEER"
2017-03-21,43.0,"LIQUOR,WINE,BEER"
2017-03-22,22.0,"LIQUOR,WINE,BEER"
2017-03-23,59.0,"LIQUOR,WINE,BEER"
2017-03-24,16.0,"LIQUOR,WINE,BEER"
2017-03-25,50.0,"LIQUOR,WINE,BEER"
2017-03-26,19.0,"LIQUOR,WINE,BEER"
2017-03-27,19.0,"LIQUOR,WINE,BEER"
2017-03-28,29.0,"LIQUOR,WINE,BEER"
2017-03-29,14.0,"LIQUOR,WINE,BEER"
2017-03-30,11.0,"LIQUOR,WINE,BEER"
2017-03-31,1.0,"LIQUOR,WINE,BEER"
2017-04-03,15.0,"LIQUOR,WINE,BEER"
2017-04-04,22.0,"LIQUOR,WINE,BEER"
2017-04-05,21.0,"LIQUOR,WINE,BEER"
2017-04-06,17.0,"LIQUOR,WINE,BEER"
2017-04-07,66.0,"LIQUOR,WINE,BEER"
2017-04-08,41.0,"LIQUOR,WINE,BEER"
2017-04-09,18.0,"LIQUOR,WINE,BEER"
2017-04-10,7.0,"LIQUOR,WINE,BEER"
2017-04-11,22.0,"LIQUOR,WINE,BEER"
2017-04-12,23.0,"LIQUOR,WINE,BEER"
2017-04-13,45.0,"LIQUOR,WINE,BEER"
2017-04-14,77.0,"LIQUOR,WINE,BEER"
2017-04-15,67.0,"LIQUOR,WINE,BEER"
2017-04-16,27.0,"LIQUOR,WINE,BEER"
2017-04-17,9.0,"LIQUOR,WINE,BEER"
2017-04-18,20.0,"LIQUOR,WINE,BEER"
2017-04-19,12.0,"LIQUOR,WINE,BEER"
2017-04-20,23.0,"LIQUOR,WINE,BEER"
2017-04-21,79.0,"LIQUOR,WINE,BEER"
2017-04-22,61.0,"LIQUOR,WINE,BEER"
2017-04-23,20.0,"LIQUOR,WINE,BEER"
2017-04-24,12.0,"LIQUOR,WINE,BEER"
2017-04-25,13.0,"LIQUOR,WINE,BEER"
2017-04-26,10.0,"LIQUOR,WINE,BEER"
2017-04-27,25.0,"LIQUOR,WINE,BEER"
2017-04-28,110.0,"LIQUOR,WINE,BEER"
2017-04-29,60.0,"LIQUOR,WINE,BEER"
2017-04-30,16.0,"LIQUOR,WINE,BEER"
2017-05-01,42.0,"LIQUOR,WINE,BEER"
2017-05-02,20.0,"LIQUOR,WINE,BEER"
2017-05-03,38.0,"LIQUOR,WINE,BEER"
2017-05-04,10.0,"LIQUOR,WINE,BEER"
2017-05-05,43.0,"LIQUOR,WINE,BEER"
2017-05-06,86.0,"LIQUOR,WINE,BEER"
2017-05-07,11.0,"LIQUOR,WINE,BEER"
2017-05-08,10.0,"LIQUOR,WINE,BEER"
2017-05-09,45.0,"LIQUOR,WINE,BEER"
2017-05-10,18.0,"LIQUOR,WINE,BEER"
2017-05-11,18.0,"LIQUOR,WINE,BEER"
2017-05-12,295.0,"LIQUOR,WINE,BEER"
2017-05-13,146.0,"LIQUOR,WINE,BEER"
2017-05-14,34.0,"LIQUOR,WINE,BEER"
2017-05-15,355.0,"LIQUOR,WINE,BEER"
2017-05-16,30.0,"LIQUOR,WINE,BEER"
2017-05-17,8.0,"LIQUOR,WINE,BEER"
2017-05-18,20.0,"LIQUOR,WINE,BEER"
2017-05-19,113.0,"LIQUOR,WINE,BEER"
2017-05-20,151.0,"LIQUOR,WINE,BEER"
2017-05-21,25.0,"LIQUOR,WINE,BEER"
2017-05-22,21.0,"LIQUOR,WINE,BEER"
2017-05-23,18.0,"LIQUOR,WINE,BEER"
2017-05-24,21.0,"LIQUOR,WINE,BEER"
2017-05-25,31.0,"LIQUOR,WINE,BEER"
2017-05-26,59.0,"LIQUOR,WINE,BEER"
2017-05-27,44.0,"LIQUOR,WINE,BEER"
2017-05-28,30.0,"LIQUOR,WINE,BEER"
2017-05-29,13.0,"LIQUOR,WINE,BEER"
2017-05-30,25.0,"LIQUOR,WINE,BEER"
2017-05-31,17.0,"LIQUOR,WINE,BEER"
2017-06-01,33.0,"LIQUOR,WINE,BEER"
2017-06-02,27.0,"LIQUOR,WINE,BEER"
2017-06-03,54.0,"LIQUOR,WINE,BEER"
2017-06-04,19.0,"LIQUOR,WINE,BEER"
2017-06-05,7.0,"LIQUOR,WINE,BEER"
2017-06-06,19.0,"LIQUOR,WINE,BEER"
2017-06-07,21.0,"LIQUOR,WINE,BEER"
2017-06-08,44.0,"LIQUOR,WINE,BEER"
2017-06-09,48.0,"LIQUOR,WINE,BEER"
2017-06-10,72.0,"LIQUOR,WINE,BEER"
2017-06-11,21.0,"LIQUOR,WINE,BEER"
2017-06-12,4.0,"LIQUOR,WINE,BEER"
2017-06-13,14.0,"LIQUOR,WINE,BEER"
2017-06-14,23.0,"LIQUOR,WINE,BEER"
2017-06-15,32.0,"LIQUOR,WINE,BEER"
2017-06-16,51.0,"LIQUOR,WINE,BEER"
2017-06-17,105.0,"LIQUOR,WINE,BEER"
2017-06-18,42.0,"LIQUOR,WINE,BEER"
2017-06-19,11.0,"LIQUOR,WINE,BEER"
2017-06-20,19.0,"LIQUOR,WINE,BEER"
2017-06-21,13.0,"LIQUOR,WINE,BEER"
2017-06-22,50.0,"LIQUOR,WINE,BEER"
2017-06-23,63.0,"LIQUOR,WINE,BEER"
2017-06-24,42.0,"LIQUOR,WINE,BEER"
2017-06-25,16.0,"LIQUOR,WINE,BEER"
2017-06-26,8.0,"LIQUOR,WINE,BEER"
2017-06-27,27.0,"LIQUOR,WINE,BEER"
2017-06-28,16.0,"LIQUOR,WINE,BEER"
2017-06-29,16.0,"LIQUOR,WINE,BEER"
2017-06-30,45.0,"LIQUOR,WINE,BEER"
2017-07-01,75.0,"LIQUOR,WINE,BEER"
2017-07-02,21.0,"LIQUOR,WINE,BEER"
2017-07-03,12.0,"LIQUOR,WINE,BEER"
2017-07-04,25.0,"LIQUOR,WINE,BEER"
2017-07-05,15.0,"LIQUOR,WINE,BEER"
2017-07-06,24.0,"LIQUOR,WINE,BEER"
2017-07-07,39.0,"LIQUOR,WINE,BEER"
2017-07-08,44.0,"LIQUOR,WINE,BEER"
2017-07-09,21.0,"LIQUOR,WINE,BEER"
2017-07-10,25.0,"LIQUOR,WINE,BEER"
2017-07-11,21.0,"LIQUOR,WINE,BEER"
2017-07-12,41.0,"LIQUOR,WINE,BEER"
2017-07-13,18.0,"LIQUOR,WINE,BEER"
2017-07-14,74.0,"LIQUOR,WINE,BEER"
2017-07-15,65.0,"LIQUOR,WINE,BEER"
2017-07-16,36.0,"LIQUOR,WINE,BEER"
2017-07-17,16.0,"LIQUOR,WINE,BEER"
2017-07-18,24.0,"LIQUOR,WINE,BEER"
2017-07-19,38.0,"LIQUOR,WINE,BEER"
2017-07-20,26.0,"LIQUOR,WINE,BEER"
2017-07-21,59.0,"LIQUOR,WINE,BEER"
2017-07-22,79.0,"LIQUOR,WINE,BEER"
2017-07-23,22.0,"LIQUOR,WINE,BEER"
2017-07-24,33.0,"LIQUOR,WINE,BEER"
2017-07-25,58.0,"LIQUOR,WINE,BEER"
2017-07-26,46.0,"LIQUOR,WINE,BEER"
2017-07-27,19.0,"LIQUOR,WINE,BEER"
2017-07-28,79.0,"LIQUOR,WINE,BEER"
2017-07-29,64.0,"LIQUOR,WINE,BEER"
2017-07-30,9.0,"LIQUOR,WINE,BEER"
2017-07-31,17.0,"LIQUOR,WINE,BEER"
2017-08-01,20.0,"LIQUOR,WINE,BEER"
2017-08-02,55.0,"LIQUOR,WINE,BEER"
2017-08-03,32.0,"LIQUOR,WINE,BEER"
2017-08-04,50.0,"LIQUOR,WINE,BEER"
2017-08-05,102.0,"LIQUOR,WINE,BEER"
2017-08-06,17.0,"LIQUOR,WINE,BEER"
2017-08-07,23.0,"LIQUOR,WINE,BEER"
2017-08-08,19.0,"LIQUOR,WINE,BEER"
2017-08-09,43.0,"LIQUOR,WINE,BEER"
2017-08-10,44.0,"LIQUOR,WINE,BEER"
2017-08-11,59.0,"LIQUOR,WINE,BEER"
2017-08-12,126.0,"LIQUOR,WINE,BEER"
2017-08-13,17.0,"LIQUOR,WINE,BEER"
2017-08-14,30.0,"LIQUOR,WINE,BEER"
2017-08-15,7.0,"LIQUOR,WINE,BEER"
